Rank,Name,Platform,Year,Genre,Publisher,NA_Sales,EU_Sales,JP_Sales,Other_Sales,Global_Sales
14710,319.0,16.0,26.0,Adventure,11.0,0.0,0.0,0.03,0.0,0.03
2738,83.0,14.0,25.0,Misc,9.0,0.47,0.19,0.0,0.09,0.75
13538,158.0,1.0,26.0,Platform,29.0,0.04,0.0,0.0,0.0,0.04
13800,256.0,16.0,24.0,Shooter,32.0,0.03,0.0,0.0,0.0,0.04
8062,521.0,13.0,24.0,Action,9.0,0.13,0.0,0.0,0.05,0.18
10880,517.0,18.0,13.0,Sports,100.0,0.0,0.0,0.09,0.0,0.09
861,400.0,3.0,25.0,Platform,100.0,0.99,0.8,0.0,0.18,1.97
695,89.0,14.0,26.0,Action,34.0,1.08,0.75,0.15,0.31,2.29
500,185.0,13.0,16.0,Sports,101.0,0.99,0.32,1.38,0.2,2.89
10666,178.0,3.0,20.0,Simulation,74.0,0.0,0.0,0.1,0.0,0.1
4246,515.0,10.0,29.0,Shooter,21.0,0.12,0.29,0.0,0.05,0.46
12104,431.0,5.0,21.0,Puzzle,114.0,0.05,0.02,0.0,0.0,0.07
5403,146.0,16.0,22.0,Sports,100.0,0.0,0.34,0.0,0.0,0.34
12709,246.0,14.0,26.0,Racing,43.0,0.05,0.0,0.0,0.01,0.06
14661,202.0,16.0,28.0,Adventure,24.0,0.0,0.0,0.03,0.0,0.03
15343,476.0,16.0,28.0,Adventure,60.0,0.0,0.0,0.02,0.0,0.02
11759,247.0,1.0,29.0,Role-Playing,98.0,0.0,0.0,0.07,0.0,0.07
15853,512.0,14.0,22.0,Sports,116.0,0.0,0.0,0.02,0.0,0.02
12733,498.0,6.0,20.0,Action,25.0,0.04,0.01,0.0,0.0,0.06
10165,405.0,22.0,23.0,Platform,23.0,0.1,0.0,0.0,0.01,0.11
8260,289.0,20.0,23.0,Sports,40.0,0.16,0.0,0.0,0.01,0.17
11763,6.0,3.0,24.0,Adventure,8.0,0.07,0.0,0.0,0.0,0.07
9063,61.0,1.0,26.0,Platform,90.0,0.09,0.03,0.01,0.01,0.14
9466,250.0,23.0,20.0,Platform,25.0,0.1,0.03,0.0,0.0,0.13
701,528.0,1.0,30.0,Action,69.0,0.0,0.0,2.28,0.0,2.28
2190,123.0,15.0,30.0,Shooter,114.0,0.35,0.41,0.05,0.15,0.95
1868,446.0,6.0,18.0,Role-Playing,89.0,0.54,0.21,0.31,0.04,1.1
6376,276.0,23.0,17.0,Racing,40.0,0.2,0.06,0.0,0.01,0.27
11704,255.0,10.0,30.0,Action,67.0,0.0,0.07,0.0,0.0,0.08
410,20.0,15.0,30.0,Action,120.0,0.8,1.92,0.06,0.5,3.28
6064,230.0,22.0,28.0,Role-Playing,104.0,0.15,0.1,0.01,0.02,0.29
14690,381.0,14.0,28.0,Action,116.0,0.0,0.0,0.03,0.0,0.03
7621,105.0,8.0,15.0,Platform,9.0,0.16,0.04,0.0,0.0,0.2
6606,109.0,18.0,11.0,Role-Playing,86.0,0.0,0.0,0.26,0.0,0.26
9593,214.0,21.0,28.0,Action,126.0,0.05,0.07,0.0,0.01,0.13
9217,436.0,12.0,11.0,Puzzle,124.0,0.08,0.05,0.0,0.01,0.14
12100,251.0,18.0,12.0,Action,25.0,0.0,0.0,0.07,0.0,0.07
10157,75.0,5.0,17.0,Shooter,67.0,0.08,0.03,0.0,0.0,0.11
5872,102.0,17.0,,Role-Playing,90.0,0.13,0.06,0.07,0.04,0.3
9187,147.0,12.0,11.0,Sports,7.0,0.08,0.05,0.0,0.01,0.14
4864,17.0,14.0,27.0,Simulation,87.0,0.09,0.04,0.24,0.02,0.4
9945,527.0,20.0,25.0,Action,31.0,0.06,0.05,0.0,0.01,0.12
8025,275.0,23.0,20.0,Shooter,79.0,0.14,0.04,0.0,0.01,0.18
16375,79.0,23.0,18.0,Action,120.0,0.01,0.0,0.0,0.0,0.01
1799,372.0,13.0,20.0,Role-Playing,114.0,0.0,0.51,0.0,0.62,1.14
12850,76.0,20.0,24.0,Puzzle,81.0,0.0,0.05,0.0,0.0,0.05
5552,114.0,3.0,22.0,Sports,40.0,0.29,0.01,0.0,0.03,0.33
10528,129.0,23.0,20.0,Sports,40.0,0.08,0.02,0.0,0.0,0.1
13912,220.0,10.0,30.0,Action,126.0,0.0,0.04,0.0,0.0,0.04
6864,458.0,22.0,21.0,Action,40.0,0.2,0.02,0.0,0.02,0.24
9387,392.0,13.0,23.0,Role-Playing,16.0,0.07,0.05,0.0,0.02,0.13
2979,286.0,23.0,18.0,Sports,40.0,0.62,0.04,0.0,0.02,0.68
7339,410.0,13.0,23.0,Racing,126.0,0.1,0.08,0.0,0.03,0.21
4190,357.0,8.0,13.0,Role-Playing,67.0,0.38,0.08,0.0,0.01,0.47
3396,140.0,3.0,24.0,Role-Playing,104.0,0.23,0.11,0.23,0.03,0.59
7983,225.0,13.0,17.0,Role-Playing,116.0,0.09,0.07,0.0,0.02,0.19
15386,380.0,17.0,27.0,Action,100.0,0.0,0.0,0.02,0.0,0.02
4694,509.0,12.0,15.0,Misc,55.0,0.23,0.16,0.0,0.03,0.41
57,165.0,14.0,23.0,Action,114.0,4.76,3.76,0.44,1.62,10.57
10853,264.0,20.0,26.0,Misc,40.0,0.02,0.07,0.0,0.01,0.09
2379,278.0,24.0,28.0,Sports,114.0,0.7,0.11,0.0,0.06,0.87
4874,366.0,22.0,30.0,Adventure,104.0,0.17,0.19,0.0,0.03,0.4
9587,439.0,12.0,14.0,Sports,120.0,0.07,0.05,0.0,0.01,0.13
3312,325.0,20.0,25.0,Misc,87.0,0.47,0.09,0.01,0.04,0.61
11478,212.0,8.0,13.0,Shooter,82.0,0.06,0.02,0.0,0.0,0.08
2937,268.0,22.0,25.0,Sports,120.0,0.38,0.26,0.0,0.06,0.7
3886,342.0,14.0,25.0,Action,120.0,0.17,0.25,0.0,0.09,0.51
503,441.0,12.0,14.0,Shooter,101.0,2.03,0.72,0.02,0.11,2.88
6461,87.0,17.0,29.0,Misc,90.0,0.13,0.07,0.0,0.06,0.26
14597,253.0,23.0,17.0,Role-Playing,127.0,0.02,0.01,0.0,0.0,0.03
9851,132.0,5.0,19.0,Shooter,67.0,0.0,0.0,0.12,0.0,0.12
10392,407.0,5.0,17.0,Shooter,9.0,0.08,0.03,0.0,0.0,0.11
6771,104.0,3.0,28.0,Simulation,37.0,0.13,0.1,0.0,0.02,0.25
8688,279.0,6.0,17.0,Sports,100.0,0.12,0.03,0.0,0.0,0.16
11476,469.0,18.0,11.0,Adventure,100.0,0.0,0.0,0.08,0.0,0.08
5005,448.0,3.0,22.0,Simulation,15.0,0.07,0.0,0.31,0.01,0.38
862,414.0,13.0,17.0,Platform,121.0,0.74,0.95,0.0,0.28,1.97
4085,91.0,20.0,24.0,Shooter,40.0,0.33,0.11,0.01,0.04,0.48
12291,433.0,19.0,8.0,Misc,61.0,0.0,0.0,0.06,0.0,0.06
1074,416.0,16.0,22.0,Shooter,70.0,0.9,0.47,0.0,0.32,1.68
8923,344.0,6.0,20.0,Action,120.0,0.11,0.03,0.0,0.0,0.15
10726,415.0,13.0,19.0,Simulation,52.0,0.05,0.04,0.0,0.01,0.1
7438,199.0,20.0,27.0,Misc,120.0,0.15,0.04,0.0,0.02,0.21
2512,83.0,22.0,25.0,Misc,9.0,0.64,0.12,0.0,0.06,0.82
1483,339.0,3.0,25.0,Role-Playing,89.0,0.51,0.17,0.58,0.06,1.33
3251,473.0,23.0,18.0,Sports,40.0,0.47,0.13,0.0,0.02,0.62
4664,232.0,23.0,19.0,Role-Playing,40.0,0.31,0.09,0.0,0.01,0.42
16416,457.0,22.0,21.0,Action,40.0,0.0,0.0,0.01,0.0,0.01
14062,330.0,3.0,25.0,Simulation,120.0,0.03,0.0,0.0,0.0,0.04
12627,424.0,16.0,27.0,Action,3.0,0.0,0.0,0.06,0.0,0.06
10182,484.0,20.0,23.0,Misc,120.0,0.09,0.01,0.0,0.01,0.11
377,69.0,3.0,21.0,Misc,89.0,0.59,1.83,0.73,0.35,3.5
933,332.0,3.0,24.0,Action,37.0,1.34,0.37,0.0,0.15,1.86
5888,356.0,8.0,14.0,Shooter,9.0,0.24,0.06,0.0,0.0,0.3
15365,126.0,5.0,17.0,Racing,35.0,0.01,0.01,0.0,0.0,0.02
1073,54.0,17.0,27.0,Action,9.0,0.8,0.52,0.07,0.3,1.69
3313,190.0,16.0,24.0,Platform,101.0,0.18,0.27,0.0,0.15,0.61
4090,237.0,5.0,20.0,Action,9.0,0.35,0.13,0.0,0.01,0.48
10109,188.0,16.0,26.0,Action,101.0,0.0,0.08,0.0,0.04,0.11
8222,271.0,14.0,26.0,Racing,25.0,0.04,0.1,0.0,0.04,0.17
16492,257.0,13.0,21.0,Racing,28.0,0.01,0.0,0.0,0.0,0.01
5203,34.0,12.0,12.0,Sports,106.0,0.2,0.14,0.0,0.02,0.36
15726,100.0,12.0,16.0,Fighting,87.0,0.01,0.01,0.0,0.0,0.02
8405,352.0,16.0,20.0,Racing,101.0,0.14,0.01,0.0,0.02,0.17
13711,252.0,10.0,26.0,Strategy,122.0,0.0,0.03,0.0,0.01,0.04
15030,206.0,12.0,12.0,Fighting,67.0,0.01,0.01,0.0,0.0,0.02
8076,111.0,17.0,29.0,Role-Playing,16.0,0.07,0.03,0.05,0.03,0.18
5348,65.0,13.0,20.0,Adventure,52.0,0.17,0.13,0.0,0.04,0.35
8673,12.0,24.0,28.0,Strategy,9.0,0.11,0.04,0.0,0.01,0.16
12389,426.0,6.0,20.0,Sports,29.0,0.05,0.01,0.0,0.0,0.06
631,139.0,12.0,12.0,Role-Playing,105.0,0.93,0.12,1.34,0.06,2.45
738,507.0,4.0,15.0,Platform,89.0,1.11,0.51,0.34,0.23,2.2
14,510.0,20.0,22.0,Sports,89.0,8.94,8.03,3.6,2.15,22.72
7819,411.0,3.0,25.0,Action,9.0,0.17,0.01,0.0,0.01,0.19
12328,228.0,15.0,30.0,Action,91.0,0.02,0.03,0.0,0.01,0.06
15093,29.0,10.0,21.0,Puzzle,45.0,0.0,0.02,0.0,0.0,0.02
5594,394.0,3.0,26.0,Role-Playing,51.0,0.17,0.01,0.12,0.01,0.32
8450,389.0,15.0,30.0,Action,74.0,0.07,0.0,0.08,0.02,0.17
13023,258.0,10.0,22.0,Simulation,78.0,0.0,0.04,0.0,0.01,0.05
12496,307.0,8.0,14.0,Adventure,87.0,0.0,0.0,0.06,0.0,0.06
15638,205.0,13.0,23.0,Action,74.0,0.0,0.0,0.02,0.0,0.02
2013,514.0,16.0,20.0,Racing,101.0,0.47,0.34,0.0,0.22,1.04
686,164.0,12.0,12.0,Action,114.0,0.79,1.35,0.04,0.14,2.32
3238,314.0,19.0,8.0,Strategy,116.0,0.3,0.0,0.32,0.0,0.62
4687,534.0,13.0,25.0,Sports,67.0,0.04,0.21,0.05,0.11,0.41
339,149.0,3.0,24.0,Misc,89.0,0.0,0.0,3.67,0.0,3.67
152,362.0,12.0,13.0,Action,124.0,1.88,1.47,2.02,0.45,5.82
455,464.0,1.0,28.0,Action,89.0,1.4,0.99,0.46,0.22,3.07
8950,16.0,23.0,21.0,Sports,40.0,0.11,0.03,0.0,0.01,0.15
4377,302.0,22.0,27.0,Fighting,87.0,0.26,0.14,0.01,0.04,0.45
3655,442.0,22.0,22.0,Action,120.0,0.47,0.04,0.0,0.04,0.55
4381,262.0,12.0,10.0,Action,87.0,0.0,0.0,0.42,0.03,0.45
7653,37.0,15.0,31.0,Shooter,114.0,0.05,0.11,0.01,0.03,0.2
2230,402.0,20.0,23.0,Racing,100.0,0.5,0.32,0.02,0.1,0.93
14901,460.0,19.0,9.0,Action,20.0,0.0,0.0,0.03,0.0,0.03
13498,316.0,1.0,28.0,Simulation,116.0,0.0,0.0,0.04,0.0,0.04
1026,97.0,14.0,29.0,Shooter,9.0,0.67,0.66,0.12,0.27,1.73
10202,304.0,13.0,18.0,Simulation,116.0,0.05,0.04,0.0,0.01,0.11
12866,226.0,3.0,25.0,Misc,38.0,0.05,0.0,0.0,0.0,0.05
1955,290.0,8.0,13.0,Sports,79.0,1.02,0.04,0.0,0.01,1.06
4503,374.0,23.0,16.0,Sports,40.0,0.32,0.09,0.0,0.02,0.43
672,209.0,4.0,10.0,Platform,89.0,0.69,0.14,1.48,0.05,2.36
2446,322.0,24.0,31.0,Shooter,9.0,0.52,0.25,0.0,0.08,0.85
6495,233.0,17.0,27.0,Misc,120.0,0.11,0.1,0.01,0.05,0.26
13127,92.0,12.0,14.0,Action,5.0,0.03,0.02,0.0,0.0,0.05
11585,430.0,13.0,17.0,Simulation,77.0,0.04,0.03,0.0,0.01,0.08
1686,501.0,14.0,28.0,Sports,114.0,0.49,0.49,0.0,0.21,1.19
83,127.0,14.0,27.0,Action,40.0,1.06,5.05,0.13,2.01,8.24
16314,406.0,17.0,30.0,Strategy,47.0,0.0,0.01,0.0,0.0,0.01
6321,218.0,16.0,,Action,126.0,0.1,0.11,0.0,0.06,0.27
3072,368.0,10.0,28.0,Misc,120.0,0.35,0.24,0.0,0.07,0.66
3004,0.0,13.0,17.0,Role-Playing,15.0,0.23,0.18,0.2,0.06,0.68
7894,461.0,15.0,31.0,Action,101.0,0.0,0.16,0.0,0.03,0.19
7231,7.0,3.0,23.0,Strategy,111.0,0.17,0.03,0.0,0.02,0.22
14234,122.0,13.0,17.0,Adventure,25.0,0.02,0.01,0.0,0.0,0.03
11281,241.0,3.0,20.0,Fighting,40.0,0.08,0.0,0.0,0.01,0.08
15439,326.0,22.0,28.0,Shooter,91.0,0.0,0.01,0.0,0.0,0.02
3083,310.0,20.0,23.0,Strategy,89.0,0.29,0.14,0.19,0.04,0.66
6326,321.0,5.0,21.0,Platform,9.0,0.19,0.07,0.0,0.0,0.27
4196,74.0,0.0,3.0,Action,9.0,0.44,0.02,0.0,0.0,0.47
9326,229.0,23.0,17.0,Fighting,7.0,0.1,0.03,0.0,0.0,0.14
9992,126.0,13.0,17.0,Racing,40.0,0.05,0.04,0.02,0.01,0.12
10096,163.0,3.0,20.0,Shooter,40.0,0.1,0.0,0.0,0.01,0.11
6908,108.0,5.0,19.0,Adventure,49.0,0.17,0.06,0.0,0.0,0.24
11522,236.0,15.0,31.0,Racing,80.0,0.02,0.05,0.0,0.01,0.08
4263,239.0,1.0,31.0,Action,89.0,0.04,0.16,0.24,0.01,0.46
16185,345.0,16.0,28.0,Misc,60.0,0.0,0.0,0.01,0.0,0.01
14963,217.0,10.0,25.0,Action,126.0,0.01,0.01,0.0,0.0,0.02
8165,72.0,14.0,22.0,Sports,114.0,0.16,0.0,0.0,0.01,0.18
15356,95.0,10.0,26.0,Simulation,,0.0,0.02,0.0,0.0,0.02
12013,160.0,16.0,20.0,Adventure,15.0,0.06,0.0,0.0,0.01,0.07
7063,353.0,22.0,26.0,Action,111.0,0.2,0.02,0.0,0.02,0.23
10332,207.0,3.0,21.0,Simulation,67.0,0.0,0.0,0.11,0.0,0.11
6086,110.0,13.0,21.0,Role-Playing,104.0,0.0,0.0,0.29,0.0,0.29
15860,201.0,17.0,29.0,Adventure,3.0,0.0,0.0,0.02,0.0,0.02
14297,81.0,3.0,23.0,Fighting,87.0,0.0,0.0,0.03,0.0,0.03
2912,288.0,22.0,22.0,Sports,40.0,0.65,0.0,0.0,0.05,0.7
7669,161.0,13.0,18.0,Strategy,9.0,0.1,0.08,0.0,0.03,0.2
1127,333.0,6.0,16.0,Strategy,89.0,0.78,0.25,0.56,0.04,1.63
10013,204.0,14.0,23.0,Misc,67.0,0.11,0.0,0.0,0.01,0.11
16368,440.0,20.0,25.0,Adventure,123.0,0.01,0.0,0.0,0.0,0.01
5082,355.0,22.0,20.0,Shooter,9.0,0.32,0.03,0.0,0.03,0.38
493,435.0,5.0,17.0,Platform,89.0,1.75,0.45,0.62,0.09,2.91
6820,411.0,20.0,25.0,Action,9.0,0.13,0.09,0.0,0.02,0.24
5334,135.0,15.0,30.0,Simulation,66.0,0.1,0.2,0.0,0.05,0.35
5641,150.0,13.0,18.0,Platform,67.0,0.16,0.12,0.0,0.04,0.32
13087,13.0,3.0,24.0,Simulation,96.0,0.0,0.04,0.0,0.01,0.05
14294,249.0,1.0,30.0,Role-Playing,98.0,0.0,0.0,0.03,0.0,0.03
9237,324.0,16.0,21.0,Misc,101.0,0.1,0.0,0.02,0.01,0.14
2366,50.0,13.0,22.0,Misc,101.0,0.32,0.06,0.0,0.5,0.88
12502,282.0,12.0,11.0,Sports,79.0,0.03,0.02,0.0,0.0,0.06
421,1.0,12.0,14.0,Shooter,40.0,1.72,1.33,0.0,0.16,3.21
16099,261.0,16.0,27.0,Action,60.0,0.0,0.0,0.01,0.0,0.01
16265,174.0,16.0,25.0,Adventure,60.0,0.0,0.0,0.01,0.0,0.01
9458,300.0,16.0,25.0,Action,87.0,0.04,0.02,0.05,0.02,0.13
10786,14.0,13.0,21.0,Role-Playing,2.0,0.0,0.0,0.1,0.0,0.1
13475,23.0,17.0,30.0,Role-Playing,116.0,0.0,0.0,0.04,0.0,0.04
2776,221.0,21.0,28.0,Action,126.0,0.31,0.35,0.02,0.06,0.74
12734,465.0,22.0,21.0,Strategy,40.0,0.0,0.05,0.0,0.01,0.06
16208,53.0,22.0,28.0,Shooter,83.0,0.0,0.0,0.01,0.0,0.01
7727,35.0,13.0,20.0,Racing,129.0,0.1,0.07,0.0,0.03,0.2
7738,189.0,3.0,23.0,Simulation,36.0,0.18,0.0,0.0,0.01,0.19
9240,350.0,13.0,21.0,Sports,87.0,0.0,0.0,0.14,0.0,0.14
396,255.0,15.0,30.0,Action,67.0,1.08,1.35,0.48,0.47,3.38
1,511.0,20.0,21.0,Sports,89.0,41.49,29.02,3.77,8.46,82.74
2508,482.0,16.0,20.0,Sports,9.0,0.46,0.21,0.0,0.15,0.82
6298,28.0,0.0,1.0,Racing,9.0,0.26,0.01,0.0,0.0,0.27
8781,180.0,3.0,22.0,Strategy,104.0,0.08,0.01,0.05,0.01,0.15
15437,184.0,20.0,25.0,Adventure,102.0,0.0,0.02,0.0,0.0,0.02
5315,455.0,13.0,19.0,Platform,111.0,0.17,0.13,0.0,0.04,0.35
12927,532.0,15.0,31.0,Action,120.0,0.0,0.04,0.01,0.01,0.05
11615,41.0,16.0,25.0,Fighting,101.0,0.0,0.0,0.08,0.0,0.08
15788,71.0,10.0,19.0,Racing,28.0,0.0,0.01,0.0,0.0,0.02
241,238.0,13.0,21.0,Sports,40.0,3.63,0.24,0.01,0.61,4.49
815,305.0,22.0,22.0,Racing,40.0,1.04,0.8,0.01,0.22,2.06
4629,167.0,14.0,25.0,Misc,72.0,0.19,0.16,0.0,0.07,0.42
2954,235.0,16.0,21.0,Racing,111.0,0.64,0.0,0.0,0.05,0.69
15759,489.0,20.0,28.0,Sports,31.0,0.0,0.02,0.0,0.0,0.02
12163,453.0,15.0,30.0,Adventure,91.0,0.0,0.06,0.0,0.01,0.07
9993,179.0,20.0,26.0,Misc,40.0,0.11,0.0,0.0,0.01,0.12
4611,418.0,5.0,19.0,Action,120.0,0.3,0.11,0.0,0.01,0.42
13855,211.0,5.0,17.0,Role-Playing,87.0,0.0,0.0,0.04,0.0,0.04
14975,443.0,14.0,30.0,Action,87.0,0.0,0.0,0.02,0.0,0.02
3063,142.0,23.0,18.0,Action,111.0,0.48,0.16,0.0,0.02,0.66
15616,485.0,14.0,31.0,Action,116.0,0.0,0.0,0.02,0.0,0.02
15767,404.0,20.0,23.0,Action,104.0,0.0,0.0,0.02,0.0,0.02
7142,94.0,6.0,19.0,Fighting,40.0,0.17,0.05,0.0,0.01,0.22
14066,391.0,16.0,25.0,Adventure,131.0,0.0,0.0,0.04,0.0,0.04
684,198.0,20.0,25.0,Misc,120.0,1.57,0.56,0.0,0.19,2.32
15176,175.0,13.0,22.0,Adventure,74.0,0.0,0.0,0.02,0.0,0.02
13578,203.0,13.0,23.0,Adventure,60.0,0.0,0.0,0.04,0.0,0.04
14654,313.0,16.0,26.0,Adventure,60.0,0.0,0.0,0.03,0.0,0.03
11363,365.0,14.0,30.0,Racing,80.0,0.0,0.06,0.01,0.01,0.08
14221,145.0,19.0,9.0,Role-Playing,30.0,0.0,0.0,0.03,0.0,0.03
10810,303.0,15.0,29.0,Role-Playing,90.0,0.05,0.02,0.02,0.01,0.1
6684,267.0,20.0,22.0,Fighting,79.0,0.21,0.02,0.0,0.02,0.25
411,97.0,24.0,29.0,Shooter,9.0,2.13,0.92,0.0,0.23,3.28
7520,274.0,20.0,24.0,Sports,22.0,0.14,0.04,0.0,0.02,0.2
12913,291.0,23.0,18.0,Sports,79.0,0.04,0.01,0.0,0.0,0.05
11004,85.0,14.0,24.0,Shooter,28.0,0.07,0.01,0.0,0.01,0.09
12687,260.0,16.0,24.0,Sports,101.0,0.0,0.0,0.06,0.0,0.06
7957,328.0,3.0,24.0,Action,67.0,0.0,0.0,0.19,0.0,0.19
11981,504.0,6.0,18.0,Platform,18.0,0.05,0.01,0.0,0.0,0.07
7267,89.0,10.0,26.0,Action,34.0,0.12,0.07,0.0,0.03,0.22
8085,30.0,22.0,25.0,Platform,31.0,0.1,0.06,0.0,0.02,0.18
10537,244.0,3.0,24.0,Misc,73.0,0.09,0.0,0.0,0.01,0.1
7406,463.0,12.0,17.0,Platform,110.0,0.12,0.08,0.0,0.01,0.21
7400,245.0,13.0,18.0,Platform,25.0,0.1,0.08,0.0,0.03,0.21
6062,112.0,13.0,17.0,Strategy,116.0,0.06,0.05,0.16,0.02,0.29
1139,208.0,6.0,18.0,Racing,89.0,1.01,0.11,0.45,0.04,1.62
1525,101.0,12.0,14.0,Role-Playing,87.0,0.56,0.38,0.28,0.08,1.3
16227,309.0,17.0,31.0,Role-Playing,44.0,0.0,0.0,0.01,0.0,0.01
11835,49.0,16.0,25.0,Action,67.0,0.0,0.0,0.07,0.0,0.07
16547,187.0,3.0,22.0,Sports,120.0,0.0,0.0,0.01,0.0,0.01
14050,93.0,12.0,14.0,Role-Playing,116.0,0.02,0.01,0.0,0.0,0.04
14559,43.0,11.0,11.0,Role-Playing,86.0,0.0,0.0,0.03,0.0,0.03
23,434.0,9.0,4.0,Platform,89.0,9.54,3.44,3.84,0.46,17.28
14369,231.0,10.0,18.0,Simulation,120.0,0.0,0.03,0.0,0.01,0.03
13992,468.0,10.0,28.0,Adventure,33.0,0.0,0.03,0.0,0.0,0.04
5466,243.0,20.0,24.0,Role-Playing,9.0,0.26,0.05,0.0,0.03,0.33
14095,60.0,7.0,9.0,Platform,67.0,0.0,0.0,0.04,0.0,0.04
4121,177.0,3.0,20.0,Simulation,97.0,0.41,0.07,0.0,0.0,0.48
4182,506.0,10.0,24.0,Strategy,111.0,0.0,0.45,0.0,0.02,0.47
6374,284.0,6.0,18.0,Sports,40.0,0.21,0.05,0.0,0.01,0.27
14347,24.0,14.0,30.0,Role-Playing,116.0,0.0,0.0,0.03,0.0,0.03
9662,351.0,16.0,27.0,Role-Playing,87.0,0.0,0.0,0.12,0.0,0.12
11056,488.0,12.0,11.0,Action,93.0,0.05,0.03,0.0,0.01,0.09
2456,162.0,3.0,25.0,Role-Playing,89.0,0.56,0.11,0.13,0.05,0.84
13799,21.0,16.0,24.0,Action,31.0,0.04,0.0,0.0,0.0,0.04
11178,195.0,12.0,15.0,Sports,67.0,0.0,0.0,0.08,0.01,0.09
36,55.0,22.0,27.0,Shooter,9.0,8.25,4.3,0.07,1.12,13.73
15766,106.0,10.0,29.0,Role-Playing,45.0,0.0,0.02,0.0,0.0,0.02
1352,103.0,4.0,4.0,Platform,25.0,0.82,0.23,0.35,0.03,1.43
4668,522.0,12.0,12.0,Fighting,25.0,0.16,0.11,0.12,0.03,0.42
526,421.0,22.0,23.0,Action,70.0,1.74,0.8,0.0,0.26,2.8
12275,299.0,13.0,20.0,Action,67.0,0.03,0.02,0.0,0.01,0.06
7997,124.0,14.0,26.0,Simulation,101.0,0.06,0.09,0.0,0.03,0.19
5691,513.0,16.0,22.0,Racing,101.0,0.13,0.12,0.0,0.06,0.32
14973,427.0,3.0,25.0,Action,64.0,0.0,0.0,0.02,0.0,0.02
4290,42.0,12.0,14.0,Fighting,124.0,0.25,0.17,0.0,0.03,0.46
2144,371.0,19.0,7.0,Role-Playing,105.0,0.0,0.0,0.97,0.0,0.97
8176,38.0,14.0,26.0,Action,25.0,0.0,0.0,0.18,0.0,0.18
13443,216.0,1.0,28.0,Action,126.0,0.0,0.04,0.0,0.0,0.05
680,361.0,13.0,16.0,Action,25.0,1.08,0.7,0.34,0.21,2.34
6761,520.0,6.0,20.0,Role-Playing,9.0,0.19,0.05,0.0,0.01,0.25
13539,413.0,10.0,25.0,Racing,37.0,0.0,0.04,0.0,0.01,0.04
2633,385.0,5.0,17.0,Platform,125.0,0.56,0.21,0.0,0.01,0.78
15546,341.0,1.0,27.0,Action,59.0,0.0,0.0,0.02,0.0,0.02
842,90.0,14.0,23.0,Action,40.0,1.05,0.67,0.0,0.3,2.02
2172,301.0,14.0,28.0,Fighting,87.0,0.32,0.33,0.15,0.15,0.96
946,2.0,5.0,20.0,Misc,111.0,1.31,0.49,0.0,0.03,1.83
8390,497.0,12.0,11.0,Sports,53.0,0.09,0.06,0.0,0.01,0.17
9669,66.0,3.0,,Simulation,122.0,0.12,0.0,0.0,0.01,0.12
1713,481.0,5.0,16.0,Sports,9.0,0.85,0.31,0.0,0.02,1.18
14038,52.0,10.0,13.0,Strategy,125.0,0.0,0.03,0.0,0.01,0.04
7934,315.0,14.0,28.0,Strategy,116.0,0.0,0.0,0.19,0.0,0.19
14572,519.0,10.0,24.0,Simulation,111.0,0.0,0.02,0.0,0.01,0.03
2005,219.0,22.0,24.0,Action,9.0,0.62,0.33,0.0,0.09,1.04
3754,447.0,20.0,23.0,Role-Playing,87.0,0.22,0.05,0.24,0.03,0.54
13484,39.0,20.0,22.0,Shooter,39.0,0.04,0.0,0.0,0.0,0.04
4045,486.0,20.0,24.0,Shooter,9.0,0.24,0.2,0.0,0.05,0.49
7095,46.0,13.0,23.0,Action,111.0,0.11,0.09,0.0,0.03,0.23
8822,181.0,3.0,25.0,Puzzle,14.0,0.09,0.04,0.0,0.01,0.15
396,255.0,15.0,30.0,Action,67.0,1.08,1.35,0.48,0.47,3.38
2973,390.0,5.0,19.0,Action,9.0,0.49,0.18,0.0,0.01,0.68
10968,334.0,3.0,26.0,Adventure,50.0,0.09,0.0,0.0,0.01,0.09
10859,148.0,3.0,24.0,Action,87.0,0.0,0.0,0.09,0.0,0.09
410,20.0,15.0,30.0,Action,120.0,0.8,1.92,0.06,0.5,3.28
13906,378.0,10.0,24.0,Action,111.0,0.0,0.03,0.0,0.01,0.04
16561,347.0,10.0,22.0,Sports,67.0,0.0,0.01,0.0,0.0,0.01
11766,529.0,17.0,30.0,Role-Playing,116.0,0.0,0.0,0.07,0.0,0.07
9436,505.0,3.0,22.0,Misc,25.0,0.0,0.0,0.13,0.0,0.13
15407,428.0,13.0,25.0,Action,99.0,0.0,0.0,0.02,0.0,0.02
8927,470.0,17.0,29.0,Adventure,117.0,0.1,0.0,0.01,0.03,0.15
16479,107.0,22.0,26.0,Shooter,26.0,0.0,0.0,0.01,0.0,0.01
13981,171.0,5.0,20.0,Action,87.0,0.03,0.01,0.0,0.0,0.04
9681,5.0,14.0,26.0,Sports,101.0,0.0,0.1,0.0,0.03,0.12
1612,32.0,20.0,22.0,Action,31.0,0.55,0.55,0.0,0.13,1.23
3942,367.0,0.0,4.0,Shooter,9.0,0.47,0.03,0.0,0.01,0.51
5156,259.0,4.0,12.0,Strategy,6.0,0.0,0.0,0.37,0.0,0.37
7641,382.0,20.0,25.0,Misc,87.0,0.0,0.17,0.0,0.03,0.2
6125,294.0,20.0,25.0,Sports,114.0,0.24,0.02,0.0,0.02,0.28
13068,472.0,12.0,13.0,Shooter,115.0,0.03,0.02,0.0,0.0,0.05
1004,419.0,13.0,16.0,Simulation,9.0,0.61,0.87,0.02,0.26,1.76
10434,492.0,23.0,18.0,Fighting,25.0,0.08,0.02,0.0,0.0,0.1
6817,200.0,12.0,12.0,Fighting,128.0,0.04,0.03,0.16,0.02,0.24
4009,337.0,12.0,11.0,Role-Playing,101.0,0.0,0.0,0.46,0.03,0.5
15005,57.0,13.0,21.0,Adventure,64.0,0.0,0.0,0.02,0.0,0.02
7569,306.0,20.0,24.0,Misc,111.0,0.17,0.02,0.0,0.01,0.2
5565,204.0,20.0,23.0,Misc,67.0,0.3,0.0,0.0,0.02,0.33
1144,27.0,4.0,5.0,Sports,89.0,0.66,0.27,0.65,0.03,1.61
10757,500.0,12.0,11.0,Fighting,13.0,0.0,0.0,0.09,0.01,0.1
14688,176.0,17.0,30.0,Action,116.0,0.0,0.0,0.03,0.0,0.03
12505,82.0,13.0,23.0,Adventure,64.0,0.0,0.0,0.06,0.0,0.06
14101,130.0,1.0,26.0,Strategy,116.0,0.0,0.0,0.03,0.0,0.03
7663,349.0,16.0,28.0,Sports,67.0,0.0,0.0,0.2,0.0,0.2
15959,169.0,10.0,21.0,Role-Playing,85.0,0.0,0.01,0.0,0.0,0.02
5469,336.0,3.0,22.0,Puzzle,89.0,0.14,0.01,0.16,0.01,0.33
461,121.0,20.0,25.0,Platform,37.0,2.06,0.64,0.12,0.22,3.04
6340,412.0,14.0,23.0,Action,9.0,0.2,0.04,0.0,0.03,0.27
2649,364.0,22.0,27.0,Action,25.0,0.55,0.15,0.03,0.06,0.78
13413,19.0,14.0,30.0,Action,116.0,0.0,0.0,0.05,0.0,0.05
14181,409.0,23.0,20.0,Shooter,56.0,0.03,0.01,0.0,0.0,0.03
14400,193.0,16.0,25.0,Role-Playing,60.0,0.03,0.0,0.0,0.0,0.03
9524,312.0,6.0,,Puzzle,122.0,0.0,0.0,0.13,0.0,0.13
13990,227.0,14.0,27.0,Role-Playing,90.0,0.0,0.0,0.04,0.0,0.04
1076,292.0,12.0,12.0,Sports,101.0,1.58,0.06,0.0,0.04,1.68
8371,104.0,20.0,28.0,Simulation,37.0,0.08,0.07,0.0,0.02,0.17
13900,113.0,16.0,21.0,Action,116.0,0.0,0.0,0.04,0.0,0.04
15622,396.0,13.0,22.0,Adventure,64.0,0.0,0.0,0.02,0.0,0.02
2292,401.0,23.0,19.0,Misc,100.0,0.61,0.26,0.0,0.04,0.91
5031,280.0,14.0,21.0,Sports,114.0,0.3,0.04,0.0,0.04,0.38
14166,376.0,6.0,18.0,Racing,7.0,0.03,0.01,0.0,0.0,0.03
2685,10.0,13.0,17.0,Sports,7.0,0.38,0.29,0.0,0.1,0.77
12073,106.0,24.0,30.0,Role-Playing,45.0,0.04,0.02,0.0,0.01,0.07
13870,317.0,17.0,31.0,Misc,116.0,0.0,0.0,0.04,0.0,0.04
2882,383.0,5.0,19.0,Action,111.0,0.51,0.19,0.0,0.01,0.71
567,170.0,22.0,23.0,Misc,9.0,1.78,0.64,0.0,0.25,2.67
7656,166.0,2.0,15.0,Role-Playing,120.0,0.0,0.0,0.2,0.0,0.2
9223,474.0,12.0,14.0,Adventure,12.0,0.0,0.0,0.13,0.01,0.14
13118,63.0,8.0,13.0,Platform,62.0,0.04,0.01,0.0,0.0,0.05
5955,471.0,22.0,29.0,Action,104.0,0.14,0.13,0.0,0.03,0.3
14783,308.0,10.0,19.0,Role-Playing,15.0,0.0,0.02,0.0,0.0,0.03
4829,483.0,8.0,12.0,Racing,65.0,0.32,0.07,0.0,0.0,0.4
3191,197.0,22.0,22.0,Racing,111.0,0.22,0.34,0.0,0.07,0.63
10457,151.0,13.0,20.0,Platform,67.0,0.05,0.04,0.0,0.01,0.1
9161,22.0,3.0,25.0,Misc,15.0,0.13,0.0,0.0,0.01,0.14
12333,62.0,6.0,17.0,Racing,40.0,0.05,0.01,0.0,0.0,0.06
14592,156.0,24.0,30.0,Adventure,117.0,0.03,0.0,0.0,0.0,0.03
218,422.0,10.0,25.0,Strategy,9.0,2.56,1.68,0.0,0.59,4.83
11216,348.0,10.0,27.0,Sports,67.0,0.0,0.07,0.0,0.01,0.09
15662,526.0,13.0,21.0,Misc,130.0,0.0,0.0,0.02,0.0,0.02
15817,213.0,3.0,21.0,Puzzle,92.0,0.02,0.0,0.0,0.0,0.02
2686,494.0,13.0,17.0,Role-Playing,15.0,0.1,0.08,0.56,0.03,0.77
1212,144.0,1.0,30.0,Role-Playing,89.0,0.71,0.22,0.52,0.1,1.54
13302,172.0,3.0,25.0,Sports,107.0,0.04,0.0,0.0,0.0,0.05
12455,64.0,22.0,26.0,Sports,116.0,0.0,0.05,0.0,0.01,0.06
941,533.0,14.0,26.0,Action,101.0,1.05,0.49,0.08,0.23,1.85
734,98.0,13.0,21.0,Action,25.0,1.06,0.82,0.05,0.28,2.21
7271,373.0,13.0,18.0,Sports,40.0,0.11,0.08,0.0,0.03,0.22
11887,134.0,22.0,29.0,Misc,37.0,0.05,0.01,0.0,0.01,0.07
6421,437.0,22.0,21.0,Action,40.0,0.23,0.02,0.0,0.02,0.27
12832,296.0,22.0,30.0,Action,40.0,0.05,0.0,0.0,0.01,0.05
2180,31.0,3.0,23.0,Action,66.0,0.65,0.22,0.0,0.09,0.95
12951,329.0,16.0,27.0,Role-Playing,16.0,0.0,0.0,0.05,0.0,0.05
1190,491.0,12.0,10.0,Action,101.0,1.32,0.19,0.0,0.05,1.56
16250,493.0,16.0,21.0,Fighting,20.0,0.0,0.0,0.01,0.0,0.01
5394,397.0,14.0,27.0,Action,67.0,0.15,0.11,0.03,0.05,0.34
14228,531.0,1.0,28.0,Platform,10.0,0.0,0.0,0.03,0.0,0.03
1632,131.0,10.0,30.0,Role-Playing,21.0,0.5,0.63,0.0,0.1,1.23
15532,240.0,22.0,27.0,Action,120.0,0.02,0.0,0.0,0.0,0.02
12756,137.0,17.0,27.0,Adventure,64.0,0.0,0.0,0.06,0.0,0.06
11675,263.0,12.0,13.0,Action,114.0,0.04,0.03,0.0,0.0,0.08
7033,295.0,12.0,15.0,Sports,101.0,0.13,0.09,0.0,0.02,0.23
9245,133.0,1.0,30.0,Sports,87.0,0.0,0.0,0.14,0.0,0.14
5310,438.0,22.0,25.0,Strategy,104.0,0.23,0.1,0.0,0.03,0.35
5301,398.0,3.0,23.0,Simulation,40.0,0.3,0.03,0.0,0.03,0.35
2518,80.0,0.0,0.0,Action,84.0,0.76,0.05,0.0,0.01,0.82
10874,270.0,23.0,17.0,Racing,111.0,0.07,0.02,0.0,0.0,0.09
10956,462.0,15.0,31.0,Simulation,87.0,0.0,0.0,0.09,0.0,0.09
1923,359.0,22.0,25.0,Action,114.0,0.57,0.39,0.02,0.09,1.07
4911,86.0,3.0,23.0,Misc,9.0,0.36,0.0,0.0,0.03,0.39
12065,449.0,21.0,27.0,Action,87.0,0.02,0.01,0.05,0.0,0.07
9150,459.0,12.0,12.0,Role-Playing,101.0,0.08,0.05,0.0,0.01,0.14
3476,159.0,12.0,13.0,Platform,19.0,0.32,0.22,0.0,0.04,0.58
13922,186.0,16.0,27.0,Action,87.0,0.0,0.0,0.04,0.0,0.04
1371,223.0,6.0,20.0,Action,39.0,1.09,0.28,0.0,0.04,1.41
13651,377.0,14.0,30.0,Fighting,87.0,0.0,0.0,0.04,0.0,0.04
6781,222.0,17.0,30.0,Action,126.0,0.03,0.16,0.0,0.05,0.24
5632,297.0,8.0,12.0,Sports,67.0,0.15,0.04,0.13,0.0,0.32
8034,59.0,12.0,15.0,Action,109.0,0.1,0.07,0.0,0.01,0.18
2834,15.0,12.0,11.0,Shooter,48.0,0.4,0.27,0.0,0.05,0.72
8899,18.0,22.0,23.0,Simulation,120.0,0.06,0.01,0.07,0.01,0.15
174,138.0,12.0,15.0,Role-Playing,105.0,1.62,0.77,2.78,0.14,5.3
7921,51.0,14.0,25.0,Adventure,120.0,0.11,0.05,0.0,0.02,0.19
15494,323.0,16.0,23.0,Role-Playing,57.0,0.0,0.0,0.02,0.0,0.02
1582,224.0,22.0,27.0,Action,126.0,0.63,0.51,0.0,0.11,1.26
6439,403.0,5.0,19.0,Misc,,0.19,0.07,0.0,0.0,0.27
12833,141.0,13.0,21.0,Action,25.0,0.03,0.02,0.0,0.01,0.05
13429,168.0,3.0,24.0,Adventure,120.0,0.03,0.01,0.0,0.0,0.05
7477,451.0,3.0,27.0,Action,9.0,0.15,0.04,0.0,0.01,0.21
6910,384.0,3.0,24.0,Puzzle,120.0,0.0,0.24,0.0,0.0,0.24
8759,210.0,0.0,5.0,Puzzle,15.0,0.14,0.01,0.0,0.0,0.15
11092,346.0,16.0,23.0,Platform,116.0,0.02,0.01,0.05,0.01,0.09
8630,287.0,12.0,15.0,Sports,101.0,0.09,0.06,0.0,0.01,0.16
16535,375.0,10.0,26.0,Strategy,122.0,0.0,0.01,0.0,0.0,0.01
12038,73.0,13.0,20.0,Role-Playing,116.0,0.03,0.03,0.0,0.01,0.07
63,173.0,22.0,25.0,Shooter,78.0,7.03,1.98,0.08,0.78,9.88
15274,523.0,6.0,18.0,Racing,7.0,0.02,0.0,0.0,0.0,0.02
3985,285.0,22.0,22.0,Sports,40.0,0.45,0.01,0.0,0.04,0.5
15033,496.0,16.0,28.0,Adventure,60.0,0.0,0.0,0.02,0.0,0.02
13295,266.0,3.0,24.0,Adventure,76.0,0.04,0.0,0.0,0.0,0.05
3866,153.0,12.0,14.0,Strategy,105.0,0.1,0.07,0.31,0.03,0.52
10128,157.0,3.0,26.0,Puzzle,75.0,0.05,0.05,0.0,0.01,0.11
6905,234.0,16.0,24.0,Role-Playing,54.0,0.19,0.0,0.03,0.02,0.24
5093,475.0,12.0,12.0,Fighting,105.0,0.0,0.0,0.35,0.02,0.37
10349,479.0,10.0,25.0,Action,120.0,0.0,0.08,0.0,0.02,0.11
2261,26.0,9.0,2.0,Platform,89.0,0.39,0.09,0.43,0.01,0.92
15993,395.0,16.0,24.0,Fighting,24.0,0.0,0.0,0.01,0.0,0.01
4539,125.0,13.0,19.0,Sports,101.0,0.36,0.01,0.0,0.06,0.43
13644,192.0,3.0,26.0,Puzzle,122.0,0.0,0.04,0.0,0.01,0.04
5329,8.0,13.0,17.0,Sports,7.0,0.17,0.13,0.0,0.04,0.35
8109,48.0,3.0,20.0,Racing,40.0,0.15,0.02,0.0,0.01,0.18
8472,420.0,13.0,16.0,Racing,70.0,0.08,0.06,0.0,0.02,0.16
2625,128.0,23.0,18.0,Sports,40.0,0.24,0.49,0.0,0.05,0.79
11530,450.0,12.0,10.0,Shooter,63.0,0.04,0.03,0.0,0.01,0.08
13213,429.0,13.0,16.0,Racing,118.0,0.02,0.02,0.0,0.01,0.05
6995,423.0,23.0,18.0,Racing,41.0,0.17,0.05,0.0,0.01,0.23
2135,143.0,5.0,18.0,Strategy,89.0,0.49,0.18,0.29,0.01,0.97
14746,370.0,10.0,18.0,Strategy,15.0,0.0,0.02,0.0,0.01,0.03
5707,77.0,23.0,18.0,Racing,125.0,0.24,0.07,0.0,0.01,0.31
8506,451.0,20.0,27.0,Action,9.0,0.11,0.04,0.0,0.01,0.16
3239,499.0,18.0,10.0,Shooter,100.0,0.0,0.0,0.62,0.0,0.62
15025,68.0,16.0,25.0,Adventure,95.0,0.0,0.0,0.02,0.0,0.02
13297,115.0,5.0,16.0,Sports,67.0,0.03,0.01,0.0,0.0,0.05
14013,518.0,10.0,23.0,Puzzle,0.0,0.0,0.03,0.0,0.01,0.04
7015,117.0,13.0,18.0,Sports,100.0,0.11,0.09,0.0,0.03,0.23
9923,191.0,1.0,26.0,Action,73.0,0.11,0.0,0.0,0.01,0.12
8131,9.0,3.0,26.0,Action,100.0,0.1,0.06,0.0,0.02,0.18
7186,78.0,0.0,0.0,Action,15.0,0.21,0.01,0.0,0.0,0.22
5908,358.0,22.0,26.0,Misc,120.0,0.15,0.12,0.0,0.03,0.3
14758,99.0,10.0,31.0,Racing,28.0,0.0,0.03,0.0,0.0,0.03
16345,136.0,3.0,22.0,Simulation,71.0,0.0,0.0,0.01,0.0,0.01
11437,320.0,6.0,17.0,Sports,110.0,0.06,0.02,0.0,0.0,0.08
1559,281.0,22.0,23.0,Sports,114.0,1.0,0.16,0.0,0.11,1.27
10409,399.0,14.0,25.0,Misc,101.0,0.0,0.08,0.0,0.02,0.11
13182,516.0,13.0,16.0,Platform,38.0,0.02,0.02,0.0,0.01,0.05
6634,340.0,4.0,15.0,Sports,67.0,0.0,0.0,0.25,0.0,0.25
9019,456.0,12.0,13.0,Action,101.0,0.08,0.05,0.0,0.01,0.14
1125,116.0,23.0,19.0,Sports,100.0,1.54,0.02,0.0,0.07,1.63
12187,44.0,3.0,23.0,Misc,40.0,0.06,0.0,0.0,0.01,0.07
8123,242.0,22.0,26.0,Action,111.0,0.13,0.04,0.0,0.01,0.18
3902,283.0,16.0,21.0,Sports,40.0,0.47,0.0,0.0,0.04,0.51
5735,466.0,23.0,20.0,Action,15.0,0.23,0.07,0.0,0.01,0.31
10392,407.0,5.0,17.0,Shooter,9.0,0.08,0.03,0.0,0.0,0.11
3375,293.0,14.0,25.0,Sports,40.0,0.4,0.13,0.0,0.07,0.6
3647,3.0,3.0,24.0,Misc,36.0,0.52,0.0,0.0,0.04,0.55
439,363.0,14.0,27.0,Shooter,25.0,0.88,0.97,0.88,0.42,3.15
7984,331.0,17.0,29.0,Role-Playing,100.0,0.0,0.0,0.19,0.0,0.19
4255,503.0,20.0,25.0,Sports,67.0,0.36,0.06,0.0,0.04,0.46
6007,152.0,6.0,17.0,Fighting,87.0,0.0,0.0,0.28,0.01,0.29
10231,425.0,18.0,11.0,Fighting,25.0,0.0,0.0,0.11,0.0,0.11
6919,11.0,10.0,26.0,Puzzle,45.0,0.0,0.18,0.0,0.05,0.24
1591,360.0,12.0,11.0,Sports,88.0,0.99,0.13,0.1,0.04,1.25
1632,131.0,10.0,30.0,Role-Playing,21.0,0.5,0.63,0.0,0.1,1.23
14299,36.0,3.0,,Misc,,0.0,0.0,0.03,0.0,0.03
10440,194.0,6.0,18.0,Sports,67.0,0.0,0.0,0.1,0.0,0.1
6158,530.0,3.0,22.0,Strategy,67.0,0.13,0.02,0.12,0.01,0.28
2950,269.0,12.0,12.0,Racing,40.0,0.39,0.26,0.0,0.05,0.69
8966,311.0,20.0,25.0,Sports,22.0,0.12,0.02,0.0,0.01,0.15
8059,254.0,16.0,20.0,Strategy,67.0,0.11,0.01,0.05,0.01,0.18
13816,67.0,16.0,23.0,Adventure,95.0,0.0,0.0,0.04,0.0,0.04
9721,354.0,3.0,25.0,Puzzle,31.0,0.11,0.0,0.0,0.01,0.12
5662,96.0,3.0,23.0,Sports,42.0,0.0,0.0,0.32,0.0,0.32
14011,120.0,14.0,22.0,Role-Playing,120.0,0.0,0.0,0.04,0.0,0.04
13247,477.0,3.0,22.0,Adventure,67.0,0.0,0.0,0.05,0.0,0.05
5889,318.0,3.0,21.0,Misc,103.0,0.0,0.0,0.3,0.0,0.3
14450,386.0,10.0,24.0,Shooter,102.0,0.01,0.01,0.0,0.0,0.03
35,55.0,14.0,27.0,Shooter,9.0,4.99,5.88,0.65,2.52,14.03
10219,480.0,8.0,14.0,Platform,120.0,0.09,0.02,0.0,0.0,0.11
9321,379.0,13.0,17.0,Sports,39.0,0.07,0.05,0.0,0.02,0.14
16267,388.0,16.0,25.0,Strategy,108.0,0.0,0.0,0.01,0.0,0.01
11039,196.0,16.0,22.0,Sports,67.0,0.0,0.0,0.09,0.0,0.09
12830,248.0,5.0,17.0,Role-Playing,88.0,0.04,0.01,0.0,0.0,0.05
16316,273.0,16.0,24.0,Strategy,90.0,0.0,0.0,0.01,0.0,0.01
15610,387.0,13.0,21.0,Action,100.0,0.0,0.0,0.02,0.0,0.02
14044,45.0,3.0,23.0,Misc,49.0,0.03,0.0,0.0,0.0,0.04
1884,119.0,10.0,24.0,Strategy,100.0,0.01,0.97,0.0,0.11,1.09
12245,58.0,1.0,29.0,Misc,46.0,0.0,0.0,0.07,0.0,0.07
15592,327.0,10.0,23.0,Puzzle,94.0,0.0,0.01,0.0,0.0,0.02
9796,47.0,23.0,19.0,Adventure,40.0,0.09,0.03,0.0,0.0,0.12
14693,444.0,20.0,26.0,Misc,4.0,0.0,0.02,0.0,0.0,0.03
5672,454.0,12.0,12.0,Simulation,58.0,0.0,0.0,0.3,0.02,0.32
14651,445.0,3.0,24.0,Adventure,69.0,0.0,0.0,0.03,0.0,0.03
3006,490.0,14.0,23.0,Action,119.0,0.35,0.22,0.01,0.1,0.68
6048,84.0,12.0,11.0,Misc,113.0,0.0,0.0,0.27,0.02,0.29
15462,70.0,16.0,23.0,Role-Playing,101.0,0.0,0.0,0.02,0.0,0.02
2411,265.0,1.0,30.0,Action,132.0,0.0,0.0,0.86,0.0,0.86
14900,182.0,3.0,23.0,Misc,31.0,0.0,0.0,0.03,0.0,0.03
13313,33.0,7.0,8.0,Role-Playing,100.0,0.0,0.0,0.05,0.0,0.05
15334,452.0,14.0,29.0,Role-Playing,90.0,0.0,0.0,0.02,0.0,0.02
12383,215.0,5.0,16.0,Platform,68.0,0.04,0.02,0.0,0.0,0.06
5630,343.0,6.0,18.0,Action,120.0,0.25,0.06,0.0,0.01,0.32
11816,495.0,12.0,13.0,Action,1.0,0.04,0.03,0.0,0.0,0.07
1611,417.0,23.0,20.0,Action,9.0,0.82,0.38,0.0,0.04,1.24
6371,393.0,3.0,24.0,Role-Playing,16.0,0.14,0.0,0.12,0.01,0.27
14222,56.0,10.0,24.0,Shooter,120.0,0.0,0.03,0.0,0.01,0.03
3458,502.0,24.0,30.0,Sports,114.0,0.31,0.22,0.0,0.05,0.58
13731,155.0,22.0,26.0,Shooter,11.0,0.0,0.0,0.04,0.0,0.04
2275,183.0,14.0,26.0,Shooter,111.0,0.32,0.4,0.04,0.15,0.91
5126,154.0,8.0,15.0,Role-Playing,27.0,0.0,0.0,0.32,0.05,0.37
10291,4.0,3.0,20.0,Racing,73.0,0.1,0.0,0.0,0.01,0.11
15356,95.0,10.0,26.0,Simulation,,0.0,0.02,0.0,0.0,0.02
1213,88.0,13.0,15.0,Role-Playing,101.0,0.83,0.44,0.08,0.19,1.54
1450,478.0,14.0,23.0,Shooter,120.0,0.66,0.45,0.04,0.21,1.35
9539,277.0,13.0,22.0,Sports,101.0,0.06,0.05,0.0,0.02,0.13
955,298.0,13.0,16.0,Misc,87.0,1.73,0.07,0.0,0.02,1.82
16478,408.0,6.0,18.0,Shooter,112.0,0.01,0.0,0.0,0.0,0.01
9572,508.0,13.0,23.0,Action,116.0,0.06,0.05,0.0,0.02,0.13
5150,524.0,13.0,21.0,Role-Playing,87.0,0.09,0.07,0.18,0.02,0.37
4026,272.0,14.0,26.0,Racing,101.0,0.21,0.2,0.0,0.08,0.49
15470,25.0,10.0,26.0,Puzzle,17.0,0.0,0.02,0.0,0.0,0.02
7936,467.0,20.0,24.0,Action,87.0,0.17,0.0,0.0,0.01,0.19
10562,525.0,14.0,29.0,Action,116.0,0.05,0.04,0.0,0.02,0.1
412,487.0,13.0,18.0,Action,9.0,1.89,1.05,0.02,0.31,3.27
11590,338.0,5.0,19.0,Misc,10.0,0.06,0.02,0.0,0.0,0.08
15622,396.0,13.0,22.0,Adventure,64.0,0.0,0.0,0.02,0.0,0.02
9819,118.0,8.0,14.0,Platform,63.0,0.1,0.02,0.0,0.0,0.12
3239,499.0,18.0,10.0,Shooter,100.0,0.0,0.0,0.62,0.0,0.62
9265,369.0,14.0,24.0,Shooter,21.0,0.11,0.02,0.0,0.01,0.14
8530,40.0,15.0,30.0,Action,116.0,0.07,0.04,0.03,0.02,0.16
4962,432.0,19.0,9.0,Sports,87.0,0.0,0.0,0.39,0.0,0.39
1794,335.0,19.0,6.0,Simulation,89.0,0.46,0.17,0.48,0.02,1.14
